,,18670,Гроза: Драма в 5-ти д.,"ОСТРОВСКИЙ, Александр Николаевич.",,,
,,18671,Гроза: Рассказ.,"ДОГАНОВИЧ, Анна Никитична.",,,
,,18672,Гроза: [Рассказ],"ЛИПИНА, Анна Николаевна",,,
,,18673,Гроза: Роман.,"ШИЯН, Анатолий Иванович.",,,
,,18674,Гроза: Роман из событий последней войны. В 3-х ч.,"НЕМИРОВИЧ-ДАНЧЕНКО, Василий Ивановнч.",,,
,,18675,Гроза: Стихи.,"КОГАН, Павел Давыдович.",,,
,,18676,Гроза: Стихи.,"КУЗНЕЦОВ, Юрий Поликарповнч.",,,
,,18677,Гроза: Стихотворения.,"АМАНЖОЛОВ, Касым Рахимжанович.",,,
,,18678,"Гроза, атаман разбойников или Отец и дочь: Сказка.",Имя авт. не установлено.,,,
,,18679,Гроза а застенках.,"ЛОШНИН, Григорий Иванович.",,,
,,18680,Гроза в степи.,"СЕРГЕЕВ, Павел Сергеевич.",,,
,,18681,Гроза Византии: Исторический роман в 2-х т.,"КРАСНИЦКИЙ, Александр Иванович.",,,
,,18682,"Гроза всего мира, Капитан Морг.  (Загл. обл.).",Имя авт. не установлено. ,"Властелин Вселенной: Таинственный изобретатель капитан Морг, гроза. всего мира, овладевший подземным миром и всеми планетами солнечной системы, имеющий свои форты на Луне н Марсе и целый город под землей. Новый, небывалый, фантастический, научный роман.",,
,,18683,Гроза гимназии: Рассказы из школьной жизни.,"ЛИБРОВИЧ, Сигизмунд Феликсович.",,,
,,18684,Гроза 12-го года: Трилогия. I. Гибель Москвы. II. Партизаны. III. Березина.,"ГОЛЕНИЩЕВА-КУТУЗОВА, Анастасия Васильевна.",,,
,,18685,Гроза зреет в тишине: Повесть.,"ШАШКОВ, Алесь.",,,
,,18686,Гроза и ночь: Стихотворения.,"БАРХИН, Константин Борисович.",,,
,,18687,"Гроза Кавказа, казак Яков Петрович Бакланов, и его битвы с Шамилем: Рассказ, заимствованный из достоверных источников.","КУКЕЛЬ (ЛУНИН, В. А).",,,
,,18688,"Гроза краснокожих: Вып, 1—45.",Имя авт. не установлено.,,,
,,18689,Гроза мира: Фантазия.,"РОК, И. де. ",,,
,,18690,Гроза на Даугаве: Роман.,"СТАЛЬНОЙ, Петр Дмитриевич.",,,
,,18691,Гроза на Елень-Озере: Повесть и рассказы.,"ДОМАРОВ, Константин Васильевич.",,,
,,18692,Гроза на Москве: Исторический роман из эпохи Иоанна Грозного.,"АЛТАЕВ, Ал.",,,
,,18693,Гроза на рассвете: Драма в 4-х д.,"ЗИЛЬБЕРМАН, Ефим Григорьевим, ХОЛЯВИН, Валентин Константинович.",,,
,,18693а,Гроза на рассвете: Роман.,"СЕРГИЕВИЧ, Дмитрий Григорьевич.",,,
,,18694,Гроза над Десной: Роман.,"БОРАНЕНКОВ, Николай Егорович.",,,
,,18695,Гроза над Римом: Роман.,"ЕРЕМИН, Дмитрий Иванович.",,,
,,18696,Гроза над Тишайшей: Рассказы.,"ФАЛИКМАН, Ихил Шмулевич.",,,
,,18697,Гроза над фиордами; Адмирал Макаров; Ломоносов.,"ЧИРКОВ, Александр Грнгорьевич.",,,
,,18698,Гроза над `Шелонью: Роман.,"ФЕДОРОВ, Евгений Александрович.",,,
,,18699,Гроза начнется на рассвете.,"ДУНАЕВ, Иван Петрович, МОТОРИН, Петр Архиповнч.",,,
,,18699а,Гроза над Щербиничами: Рассказы.,"СЕРГЕЕНКО, Михаил Михайлович.",,,
,,18700—18701,Гроза прошла мимо: Комедия в 3-х д.,"БРОДОВСКИЙ, К.",,,
,,18702,Гроздь винограда: Записки. Рассказы. Повесть.,"БОНДАРИН, Сергей Александрович.",,,
,,18703,Гроздь винограда: Стихи.,"ДЖУНУСОВ, Камчи.",,,
,,18704,Гроздь раздумий.,"АЛПЕНИДЗЕ, Владимир Тарасович. ",,,
,,18705,Гроздья: Новые стихи.,ГРУДЕВ.  ,,,
,,18706,Гроздья: [Стихи].,"ПРОКОФЬЕВ, А А",,,
,,18707,Гроздья ветров: Стихи.,"БЕРИЛОВ, Николай Титович.",,,
,,18708,Гроздья гнева.,"СТЕЙНБЕК, Джон.",,,
,,18709,Гроздья калины: Стихи.,"РОСТОКИН, Виктор Алексеевич.",,,
,,18710,Гроздья на минах: Повесть.,"БУРЛАКА, Софрон Васильевич.",,,
,,18711,Гроздья рябины.,"ТАТАРЕНКО, Леонид Сергеевич.",,,
,,18712,Гроздья солнца: Повесть.,"ПЛОСКОВ, Филарет Прокопьевич.",,,
,,18713,Грозен Днепр.,"ГОЛОВАНИВСКИЙ, Савва Евсеевич.",,,
,,18714,"Грозен царь, да милостив бог: Историческая былина из времен царствования царя Ивана Васильевича.",Имя авт. не установлено.,,,
,,18715,Грозная дружина: Историческая повесть.,"ЧАРСКАЯ, Лидия.",,,
,,18716,Грозная ночь или Дивный секрет: Бывальщина.,"ДЯДЯ МИХЕЙ (КОРОТКИЙ, Сергей Аполлоновнч).",,,
,,18717,Грозная душа: Повесть в стихах.,"КУЛЕШОВ, Аркадий Александрович.",,,
,,18718,Грозная туча: Историческая повесть для юношества из времен Отечественной войны.,"МАКАРОВА, София Марковна.",,,
,,18719,"Грозное время на Руси, 1606—1613 г.: Рассказы прадеда правнукам из времен воцарения дома Романовых. Повесть в 2-х ч.","ЕЛЛИНСКИЙ, Иван Афанасьевич.",,,
,,18720,Грозное местоимение.,"АВЕРЧЕНКО, Аркадий Тимофеевич.",,,
,,18721,Грозное оружие: [Повесть].,"КОЖЕВНИКОВ, Вадим Михайлович. ",,,
,,18722,Грозное пони (Сборник стихов).,"МАЯКОВСКИЙ, Владимир Владимирович.",,,
,,18723,Грозные дни: Записки о прошлом.,"ФИРСОВ, Миханл Яковлевич.",,,
,,18724,Грозные дни: Повесть.,"НАСИМОВИЧ, Александр Федорович.",,,
,,18725,Грозные дни: Роман.,"АХТАНОВ, Тахави.",,,
,,18726,Грозный адмирал; Пассажирка; «Беспокойный адмирал»: Повести.,"СТАНЮКОВИЧ, Константин Михайлович.",,,
,,18727,Грозный атаман на Воробьевых горах: Рассказ.,М. ,,,
,,18728,Грозный властелин: Повести и рассказы.,"ЛОРДКИПАНИДЗЕ, Нико (ЛОРДКИПАНИДЗЕ, Николай Мередович).",,,
,,18729,Грозный год: Из воспоминаний.,"КОЗЛОВ, Иван Андреевич.",,,
,,18730,Грозный год: [Историческая повесть].,"БОГОЛЮБОВ, Константин Васильевич. ",,,
,,18731,Грозный год: (Роман).,"ХОЛОПОВ, Георгий Константинович.",,,
,,18732,Грозный год: Стихотворения.,"ГИЛЯРОВСКИЙ, Владимир Алексеевич.",,,
,,18733,Грозный день: Драма в 1-м д.,"ЛУКОВСКИЙ, Игорь Владимировнч.",,,
,,18734,Грозный Дон: Народная драма в 3-х д.,"ПЕТРОВ, Дмитрий Ильич (БИРЮК).",,,
,,18735,Грозный идол или Строители ада на земле: Социальный роман.,"ЭЛЬСНЕР-КОРАНСКИЙ (ЭЛЬСНЕР, Анатолий Оттович).",,,
,,18736,Грозный негус: Рассказ о нравах и обычаях Абиссинии.,"РУБАКИН, Николай Александрович.",,,
,,18737,Грозный отцовский завет; Горный топаз: Две народные бывальцины.,"КОНДРАТЬЕВ, Иван Кузьмич.",,,
,,18738,Грозный перевал: Повесть.,"ГАЙЛИТ, Клеопатра Никифоровна.",,,
,,18739,Грозный татарин или Битва русских с кабардинцами: Исторический роман.  в 2-х ч.,Ч. ,,,
,,18740,Грозный час: Пьеса в 3-х д.,"КУРИН, Григорий.",,,
,,18741,Грозный час: Роман.,"ОГНЕВСКИЙ, Леонид.",,,
,,18742,Грозовая высота: Стихи.,"ЛЕВАШОВ, Мстислав Александрович.",,,
,,18743,Грозовая осень.,"ГРИГОРЬЕВ, Эдуард Иванович.",,,
,,18744,Грозовая степь: Повесть.,"СОБОЛЕВ, Анатолий Пантелеевич.",,,
,,18745,Грозовая туча: Повесть.,"МИТРО, Кхогендронатх.",,,
,,18746,Грозовое безмолвие: Стихи.,"КОПАНЕВ, Николай Иванович.",,,
,,18747,Грозовое лето: (Володя Ульянов на каникулах). Поэма.,"НУГМАНОВ, Мустафа Нугманович.",,,
,,18748,Грозовое лето: [Повесть и рассказы].,"ВОРОБЬЕВ, Петр Яковлевич.",,,
,,18749,Грозовое утро: Повесть.,"ПИЛЬГУК, Иван Иванович.",,,
,,18750,Грозовое утро: Стихи.,"КАНЕВСКИЙ, Давид Исаакович.",,,
,,18751,Грозовой август: Повесть.,"ИЛЬИН, Александр Николаевич.",,,
,,18752,Грозовой август: Роман.,"КОТЕНЕВ, Алексей Яковлевич.",,,
,,18753,Грозовой день: Стихотворения.,"ТАМАМШЕВ, Александр Артемьевич.",,,
,,18754,Грозовой дождь: Повесть.,"МИНСКИЙ, Габдрахман Мухамедович.",,,
,,18755,Грозовой Перевал.,"БРОНТЕ, Эмилия.",,,
,,18756,Грозовой фронт: Рассказы.,"МЯСНИКОВ, Борис Александрович.",,,
,,18757,Грозовые тучи. Драма в 3-х д.,"МОЗЕР, Э.",,,
,,18758,Грозовыми тропами: Киносценарии.,"ВЛАСОВ, Александр Ефимович, МЛОДИК, Аркадий Маркович.",,,
,,18759,Грозой рожденные: Поэзия Советского Узбекистана. Стихи.,"ШЕЙХЗАДЕ, Максуд.",,,
,,18760,Грозы и радуги: Роман.,"ЦЮПА, Иван Антонович.",,,
,,18761,Грозы и травы: Стихи.,"МИЛЬЧАКОВ, Алексей Иванович.",,,
,,18762,Грозы над ромашками.,"ГОРОДИСКИЙ, Николай Алексеевич.",,,
,,18763,Гром: Рассказ.,"СЕЛИВАНОВ, Алексей Николаевич.",,,
,,18764,Гром в апреле; Рассказы и очерки.,"КОЧЕТОВ, Всеволод Анисимович.",,,
,,18765,Гром в горах: Стихи и поэмы.,"МАШБАШ, Исхак.",,,
,,18766,Гром весенний.,"КРИВИЦКИЙ, Александр.",,,
,,18767,Гром дальний: Историческая пьеса в 7-ми эпизодах.,"МИЗАНДРОНЦЕВ, Лев Харитонович.",,,
,,18768,Гром и молния: Комедия в 1-м д.,"ВЕБЕР, Пьер.",,,
,,18769,Гром и молния: Рассказы.,"ВОРОБЬЕВ, Евгений Захарович.",,,
,,18770,Гром и молния: Сатирические стихи.,"ИВАНОВ, Владимир Михайлович.",,,
,,18771,Гром над горами: Роман.,"МАГОМЕДОВ, Муса Абдуллаевич.",,,
,,18772,Гром над перевалом.,"КОЧЕТКОВ, Александр Дмитриевич.",,,
,,18773,Гром над Синь-озерами.,"ЦВЕТОВ, Яков Евсеевич.",,,
,,18774,Гром над снегами: Повесть.,"ЦЕХАНОВИЧ, Василий Петрович.",,,
,,18775,Гром не грянет — мужик не перекрестится или Вразумление от бога.,"ЩЕЛКОПЕР, Н. Н.",,,
,,18776,"Гром победы, раздавайся!: Военный памфлет в 1-м д. с пением и танцами.","ЮЛИН, Ю. А. (ЭТМАН, Юлий Абрамович).",,,
,,18777,Гром спит в колоколах: Рассказы.,"МЕЛЕШИН, Станислав.",,,
,,18778,Грома гордые раскаты: Стихи. Письма. Воспоминания.,"ГМЫРЕВ, Алексей Михайлович.",,,
,,18779,Громадное удобство: Телефонада в 1-м д.,"АНТОНОВА, Софья Михайловна.",,,
,,18780,Громилы: Роман из быта московских воров. и мошенников.,"ЧМЫРЕВ, Николай Андреевич.",,,
,,18781,Громкая тишина: Повести.,"УСОЛЬЦЕВ, Альберт Харлампьевич.",,,
,,18782,Громкие игрушки. Детская пьеса в 1-м д.,ДЖУНКОВСКИЕ,,,
,,18783,Громкое дело: Пьеса в 3-Х д.,"ФИЛИППИ, Феликс.",,,
,,18784,Громобой: Древняя быль.,К*.,,,
,,18785,Громобой: [Повесть]. (Загл. обл.).,Имя авт. не установлено. ,,,
,,18786,Громовой: Рассказ.,"УЖГИН, Семен Семенович.",,,
,,18787,Громовой. Романтическая баллада.,Имя авт. не установлено.,,,
,,18788,"Громовой, витязь двора киевского: Повесть.",Имя авт. не установлено.,,,
,,18789,"Громовой, витязь Новгородский: Новгородское старинное предание. Музыкальная драма по балладе «Злой гений». Переделано самим автором; Сюрприз: Былье в 1-м д.","ПЕЙРАМА, Николай (КОСТИН, Николай Алексеевич).",,,
,,18790—18791,"Громовой, витязь новгородский, и семь морских красавиц: Старинное предание.","ЕВСТИГНЕЕВ, Михаил Е.",,,
,,18792,"Громовой, воевода великого князя Святослава Игоревича: Повесть из времен Х-го столетия.",Имя авт. не установлено.,,,
,,18793,"Громовой, киевский разбойник: Русская былина.",Имя авт. не установлено.,,,
,,18794,"Громовой, князь новгородский: Историческая повесть.",Имя авт. не установлено.,,,
,,18795,"Громовой, новгородский богатырь, и приключения Ярославны, боярской дочери: Повесть из исторических времен великого Новагорода, когда он был вольным городом.",Имя авт. не установлено.,,,
,,18796,"Громовой, новгородский витязь: Древнее предание.",Имя авт. не установлено.,,,
,,18797,"Громовой, новгородский витязь, и двенадцать спящих дев: Древнее предание. Пересказ.","Г...В, К. (ГОЛОХВАСТОВ, К. К.).",,,
,,18798,"Громовой, новгородский витязь, и прекрасная княжна Косожская Миловзора.",Имя авт. не установлено.,,,
,,18799,"Громовой, новгородский воевода: Историческая повесть.",Имя авт. не установлено.,,,
,,18800,"Громовой, новгородский русский витязь, и прекрасная княжна косожская Миловзора.",Имя авт. не установлено.,,,
,,18800а,"Громовой, русский витязь, и прекрасная Елена, Косожская Миловзора. Имя авт. не установлено. Загл. обл.: Громобой, русский князь, и прекрасная княжна Миловзора. 188006. Громобой, русский витязь, и прекрасная княжна Миловзора. (Загл. обл.).",Имя авт. не установлено. ,"Громобой, русский витязь, и прекрасная Елена, Косожская Миловзора.",,
,,18801,"Громобой, русский витязь, и прекрасная княжна Косожская Миловзора.",Имя авт. не установлено. ,"Громобой, новгородский витязь, и прекрасная княжна Косожская Миловзора; Громобой, новгородский русский витязь, и прекрасная княжна Косожская Миловзора; Громобой, русский витязь, и прекрасная Елена, Косожская Миловзора; Громобой русский витязь и прекрасная княжна Миловзора.",,
,,18801а,"Громобой, русский витязь, и прекрасная княжна Миловзора.",Имя авт. не установлено.,,,
,,18802,Громовая криница: Стихи.,"СМИРНОВ, Виктор Петрович.",,,
,,18803,Громовая стрела.,"ЛИТВИНОВ, Павел Дмитриевич. ",,Белая ворона...,
,,18804,Громокипящий кубок: Поэзы.,"СЕВЕРЯНИН, Игорь.",,,
,,18805,Громоотвод: Комедия в 4-х д.,"СУМБАТОВ, Александр Иванович.",,,
,,18806,Громоотводы: Стихи и поэмы.,"ЛЕВЧЕВ, Любомир.",,,
,,18807,Громы о мрамор: Стихи 1924— 1925 года.,"АСЕЕВ, Николай Николаевич.",,,
,,18808,Гроссмейстер аферизма.,"ЛАНСКОЙ, Марк Зосимович.",,,
,,18809,Гроссмейстерский балл: Роман.,"ШТЕМЛЕР, Илья Петрович.",,,
,,18810,Гроту Лермонтова.,"АЛЕКСЕЕВ, Илья Васильевич.",,,
,,18811,Грош в атласе или Нечаянное предсказание:   Нравственно-сатирическая повесть. Разговоры.,"КУЭМИЧЕВ, Федот Семенович.",,,
,,18812,Грошовая соната: Толстовщина. (Пародия на «Крейцерову сонату»).,"МЕЕ-РИНГ, Сигмар (МЕРИНГ, Сигмар).",,,
,,18813,Грошовый мертвец или Испуганные разбойники: Новейшая сказка.,"БАЗИЛЕВИЧ, Николай.",,,
,,18814,Гр-ражданин Российской империи: (Из гимназической жизни).,"ЭПШТЕЙН, А.",,,
,,18815,Грубиян.,"ЕЛЕОНСКИЙ, Сергей.",,,
,,18816,Грудью за славян!: Стихотворения.,"КОЛМЫКОВ, Петр Иванович.",,,
,,18817,NOPARSE,,,,
,,18818,Груз: [Стихи].,"БЕЗЫМЕНСКИЙ, Александр Ильич.",,,
,,18819,Груз: Стихи и поэмы.,"АКСЕЛЬ-РУД, Лев Моисеевич.",,,
,,18820,Груз особого назначения: Первоцвет. Драма в 2-х д.,"СОЛОДАРЬ, Цезарь Самойлович. ",Первоцвет:. (Груз особого назначения).,,
,,18821,"Грузинская весна: Стихи, 1948 г.","ТИХОНОВ, Николай Семенович.",,,
,,18822,Грузинская греза.,"КРЕМЛЕВ, Анатолий Николаевич.",,,
,,18823,Грузчики дядюшки Ари: Повесть.,"СХИППЕРС, Йелле.",,,
,,18824,Грузчица: Стихи.,"РУМЯНЦЕВА, Майя Александровна.",,,
,,18825—18826,Грум: (Недавняя быль).,"ЕЛЕЦ, Юлий Лукианович.",,,
,,18827,Груня: Повесть в стихах.,"ГОРОД-ЧАНИНОВ, Николай.",,,
,,18828,Груня: [Рассказ].,"МЕЛЬНИКОВ, Павел Иванович.",,,
,,18829,Грунятка: Рассказ.,"ЛИДАНОВА, Лидия.",,,
,,18830,Группа «Меч».,"СЕРЕДА, Игорь.",,,
,,18831,"Группа № 13: Шутливая повесть, основанная на фактах и факторах.","ИВАНОВ, Альберт Анатольевич, КАРЕЛОВ, Евгений.",,,
,,18832,Группа специального назначения: Повесть.,"ГРУДИНИН, Олег Георгиевич.",,,
,,18833,Групповой портрет.,"МБДНИКОВ, Анатолий ",,,
,,18834,Грустная Венеция.,"КУБАЦКИЙ, Вацлав.",,,
,,18835,Грустная действительность.,"ЛАНДАУ, Георгий Александрович. ",,Аля...,
,,18836,Грустно-весело: Рассказы.,"РОСЛЯКОВ, Василий Петрович.",,,
,,18837,Грустные думы: Стихотворения.,"ВАСИНА, Анастасия.",,,
,,18838,Грустные и смешные истории о маленьких людях.,"ЛАРРИ, Ян Леопольдович.",,,
,,18839,Грустные песни: Стихи. Ч. 2.,"ОДИНОКИЙ (НИКИТИН, Александр).",,,
,,18840,Грустные песни: Стихотворения.,"БАЖЕНОВ, В. Л.",,,
,,18841,Грустный мотив: Рассказы.,"СЭЛИНДЖЕР, Джером Дэвид.",,,
,,18842,«Грустный рассказ» и другие веселые истории.,"РЫКЛИН, Григорий Ефимович.",,,
,,18843,"Грусть и смех: Стихотворения, лирические, юмористические, провинциальные заметки, шутливые наброски и прочее (1901—1904 г.).","КЛЕМЕНТЦ, Н. (СТЕПАНОВ, Николай Васильевич).",,,
,,18844,Грусть ландышей.,"РЕУТОВ, Н.",,,
,,18845,Грусть о снеге.,"ШАПОВАЛОВ, Михаил Анатольевич.",,,
,,18846,Грустят березы: Стихи.,"СОРОКИН, Валентин Васильевич.",,,
,,18847,Грызет мой конь удила: Стихи.,"ГУРТУЕВ, Салих Салтанбекович.",,,
,,18848,Грызики-хозяйчики.,"КАРПОВ, Николай Алексеевич.",,,
,,18849,Грызун: Жизнь и приключения бобра. Повесть.,"ЖИЛКИН, Иван Васильевич.",,,
,,18850,Грызунчик: Рассказ.,"ЮРЬЕВА, М. Е.",,,
,,18851,Грызуны: Повесть.,"МИНАЕВ, Константин Андреевич.",,,
,,18852,Грюнвальдский бой или Славяне и немцы: Исторический роман-хроника в 2-х ч.,"ХРУЩОВ-СОКОЛЬНИКОВ, Гавриил Александрович.",,,
,,18853,Гряди за Христом.,"ПЕРЕЛЫГИН, Николай Иванович.",,,
,,18854,Грядки жизни: Повесть в 8-ми гл.,"РОСЛАВЛЕВ, Борис.",,,
,,18855,Грядущая война: (Бессилие силь- ных). Роман.,"САНДОМИРСКИИ, Юрий Израилевич.      ",,,
,,18856,Грядущая война или (СНС1— —CH)3AS. (люизит): Роман.,БЕХЕР И,,,
,,18857,Грядущая раса: Фантастический роман.,"БУЛЬВЕР, Эдуард ",,,
,,18858,Грядущая сила: Драматические картины в 4-х д.,"ПАЗУХИН, Алексей Михайлович.",,,
,,18859,Грядущая сила: Роман.,"ПАЗУХИН, Алексей Михайлович.",,,
,,18860,"Грядущее: Сборник гимнов, посвящений и поэм.","КАТАНСКИЙ, Лев Ефимович.",,,
,,18861,Грядущее: Стихотворения.,"ЯФФЕ, Лев Борисович.",,,
,,18862,Грядущие сосны.,"ДАМДИНОВ, Николай Гармаевич.",,,
,,18863,Грядущий Адам.,"РОЖЕ, Ноэль.",,,
,,18864,Грядущий день: Стихи.,"ТОПЧИЙ, Леонид Иванович. ",,,
,,18865,Грядущий мир: Утопический роман.,"ОКУНЕВ, Яков.",,,
,,18866,Грядущий потоп: Поэма.,"ЯРОСЛАВСКИЙ, Александр Борисович.",,,
,,18867,Грядущий Фауст: Драматическая поэма в 2-х ч.,НБГИН.,,,
,,18868,Грязное покрывало.,"РЕНУ, Пха-нишварнатх.",,,
,,18869,Грязь: Трагикомические эпизоды. 4-е д.,"НЕМВРОДОВ, Петр Петрович.",,,
,,18870,Грянул бой!: Роман-хроника из современных чрезвычайных событий.,"АПРАКСИН, Александр Дмитриевич.",,,
,,18871,Грянул гром: Драма в 5-ти д.,"ЖУКОВ, Иван Иванович.",,,
,,18872,Гуак и царица Аварская: Древнерыцарская повесть в 2-х ч. Пересказ.,"Г...В, К. (ГОЛОХВАСТОВ, К. К.).",,,
,,18873,Гуак или Непреоборимая верность: Древняя рыцарская повесть в 2-х ч.,"БАЛАГУР, Фома.",,,
,,18874,Гуак или Непреоборимая верность: Рыцарская повесть. Ч. 1—2.,Имя авт. не установлено.,,,
,,18875,Гуань Хань-цин.,ТЯНЬ ХАНЬ.,,,
,,18876,Гуарани: Роман.,"АЛЕНКАР, Жозе де.",,,
,,18877,Гуард и Вердюрон.,"БЕРТИ, Самюэль Анри.",,,
,,18878,Губернатор: Комедия в 1-м д.,"СЕЙФУЛЛИНА, Лидия Николаевна.",,,
,,18879,Губернатор: Повесть.,"АНДРЕЕВ, Леонид Николаевич.",,,
,,18880,Губернатор провинции: Пьеса в 4-х актах.,ТУР,,,
,,18881,Губернаторская ревизия: (Повесть).,"НЕМИРОВИЧ-ДАНЧЕНКО, Владимир Иванович.",,,
,,18882,Губернаторский пассажир.,"КАССИЛЬ, Лев Абрамович.",,,
,,18883,Губернская Клеопатра: Комедия в 3-х д.,"ТУНОШЕНСКИИ, Владимир Владимирович.",,,
,,18884,Губернские очерки: Из записок отставного надворного советника Щедрина. Т. 1—3.,"САЛТЫКОВ-ЩЕДРИН, Михаил Евграфович.",,,
,,18885,Губернские сказки.,"КРУГЛОВ, Александр Васильевич.",,,
,,18886,Губка с уксусом.,"ЛЕФЕВР, Рай-мон.",,,
,,18887,Губы. Ты. Губы. Я: Стихи.,"КРО-МА, Монта Яновна.",,,
,,18888,Гувернантка: Картина в 1-м д.,Имя авт. не установлено.,,,
,,18889,Гувернантка: Комедия в 1-м д.,"СЕЛИВАНОВА, Е. Н.",,,
,,18890,Гувернантка: Комедия в 3-х д.,"ДЕВАЛЬ, Жак.",,,
,,18891,Гувернантка: Комедия-шутка в 1-м д.,"КРИНИЦКИИ (ТИМКОВСКИЙ, Николай Николаевич).",,,
,,18892,Гувернантка мисс Мари: Роман в 4-х ч.,"СЮ, Эжен.",,,
,,18893,Гувернер: Комедия в 5-ти д.,"ДЬЯЧЕНКО, Виктор Антонович.",,,
,,18894,Гувернер: Повесть.,"ЗАРИН, Андрей Ефимович.",,,
,,18895,Гуго Гроций: Драма в 4-х д.,"КОЦЕБУ, Август Фридрих.",,,
,,18896,Гудаурская медведица и ее дети.,"ГАТЦУК, Владимир Алексеевич.",,,
,,18897,Гудзонов залив: Рассказы.,"МАИН-РИД, Томас (РИД, Томас Майн).",,,
,,18898,Гудит шар земной.,"БАНОВСКИ, Арпад.",,,
,,18899,Гудишки: Роман в 4-х ч.,"АЛЕКСАНДРОВ, Александр (ДУРОВА, Надежда Андреевна).",,,
,,18900,Гудки: Лирика.,"ВОЛОДИН, Геннадий Григорьевич.",,,
,,18901,Гудки: (Стихи).,"АНТОНЧИК, Павел.",,,
,,18902,Гудки: [Стихи].,РАБОЧИЙ,,,
,,18903,Гудки: Стихи.,"ХОДУЛИН, Валерий Георгиевич.",,,
,,18904,Гудки над Волгой: [Рассказы].,"МАЛЕВИНСКИИ, Юрий Николаевич.",,,
,,18905,Гудки над Волгой: Стихи.,"ПОЛИВИН, Николай Георгиевич.",,,
,,18906,Гудки над рекой.,"БЕЛОЗЕРОВ, Тимофей Максимович.",,,
,,18907,Гудки паровозов: Повесть и рассказы.,"ВОРОНОВ, Николай Павлович.",,,
,,18908,Гудогай: Роман.,"КУЗНЕЦОВ, Алексей Андреевич.",,,
,,18909,Гудок: (Из прошлого). Драматический этюд в 1-м д.,"Л ЯХТ, Г. А.",,,
,,18910,Гудок: [Рассказ].,"ВЕНДРОВ, Д. (ВБНДРОВ, 3.). ",,Зорах и Буланка...,
,,18911,Гудок: Революционные сатиры.,РП Д,,,
,,18912,Гудок: [Стихи].,"ИЛЬИНА, Вера.",,,
,,18913,Гудок в степи: Роман.,"АЛТАЙСКИЙ, Константин Николаевич, КАРАТАЕВ, Мухамеджан Каратаевич.",,,
,,18914,Гудок зовет.,"УСЕНКО, Александр Яковлевич.",,,
,,18915,Гудок или Всякай всячина.,"КУ-КЕЛЬ (ЛУНИН, В. А.).",,,
,,18916,Гудок на рассвете: Повесть.,"ГРЕКОВ, Александр.",,,
,,18917,Гуды заводские: Стихи.,"ВЫЛЕГЖАНИН, Павел Степанович.",,,
,,18918,Гуды-самогуды.,"УСТИНОВ, И. Г.",,,
,,18919,Гудят провода: Стихи.,"СИНЕВ, Валерий Викторович.",,,
,,18920,Гудящие сосны.,"ДАМДИНОВ, Николай Гармаевич.",,,
,,18921,Гузман д'Алфараш: Истинная испанская повесть. Ч. 1—4.,"ЛЕСАЖ, Ален Рене. ","Шалости забавного Гусмана или Каков в колыбельку, таков и в могилку.",,
,,18922,Гуингм.,ЧРОЛЛИ.,,,
,,18923,Гукас Каджарян на фронте: (Эпизоды в стихах).,ЛЕВИН,,,
,,18924,Гул далеких орудий: Повесть.,"КЛИМОВ, Всеволод Владимирович.",,,
,,18925,Гул дальних поездов: Пять тетрадей рассказов.,"ДАВЫДЫЧЕВ, Лев Иванович.",,,
,,18926,Гул пустыни: Историческая повесть.,"ЗУЕВ-ОРДЫНЕЦ, Михаил Ефимович.",,,
,,18927,Гул шагов: Семь сцен из пьесы «Барометр показывает бурю».,"НАСИМО-ВИЧ, Александр Федорович.",,,
,,18928,Гули и Навои: (Из народных легенд).,АЙБЕК.,,,
,,18929,Гулкем или Похищение Фатимы: Нравоучительная сказка.,Имя авт. не установлено.,,,
,,18930,Гулливер. (Загл. обл.).,"СВИФТ, Джонатан. ",Путешествие доктора Гулливера в страну лилипутов и к великанам.,,
,,18931,Гулливер в Лилипутии.,"СВИФТ, Джонатан.",,,
,,18932,Гулливер в царстве лилипутов.,"СВИФТ, Джонатан.",,,
,,18933,Гулливер у Арийцев.,"БОРН, Георг.",,,
,,18934,Гулливер у карликов: Удивительные приключения одного мореплавателя.,"СВИФТ, Джонатан.",,,
,,18935,"Гулливеровы путешествия в Лилипут, Бродинягу, Л any ту, Бальнибарбы, Глуб-дубриду, Лугнагу, Японию и Гуингмскую страну в 4-х ч.: Ч. 1. Гулливерово путешествие в Лилипут. Ч. 2. Гулливерово путешествие в Бродинягу. Ч. 3. Гулливеровы путешествия в Лапуту, в Бальнибарбы, в Глубдубриду, в Лугнагу и в Японию. Ч. 4. Г улливерово путешествие в Г уингмскую страну.","СВИФТ, Джонатан. ","Путешествие Гулливера в Лилипут, Бробдиньяг и в страну гуинмов; Путешествие Гулливера в страну лилипутов; Путешествие Гулливера по многим отдаленным и неизвестным странам света; Путешествие Гулливера по многим отдаленным странам света; Путешествие доктора Гулливера к лилипутам и великанам; Путешествий Гулливеровых книга первая — четвертая...; Путешествия в некоторые отдаленные страны света, сначала хирурга, а потом капитана нескольких кораблей; Путешествия Гулливера; Путешествия Гулливера в отдаленные страны; Путешествия Гулливера, рассказанные им самим маленьким детям; Путешествия Лемюэля Гулливера в некоторые отдаленные страны света, сначала хирурга, а потом капитана нескольких кораблей.",,
,,18936,Гулливеры: Стихи.,"ПРИХОЖАН, Петр Борисович.",,,
,,18937,Гуль и Навру*.,ЛУТФИ.,,,
,,18938,Гульба: Роман.,"ШИРЯЕВ, Петр Алексеевич.",,,
,,18939,Гульбазир: Драматическая поэма в 1-м акте.,"ГЕРАСИМОВ, Владимир Иванович.",,,
,,18940,Гульча: Рассказ.,"РАДЗИЕВСКАЯ, Софья Борисовна.",,,
,,18941,Гульшира: Роман.,"САФИНА, Хаф-ниса Исаевна.",,,
,,18942,Гуляевский дым: Рассказ.,"СКВОРЦОВ, Михаил Захарович.",,,
,,18943,"Гуляй, Волга: Роман.","ВЕСЕЛЫЙ, Артем.",,,
,,18944,Гу лялек — полевой цветок: Повести и рассказы.,"МАМЕДОВ, Ашхабад Атчикович.",,,
,,18945,Гулямы: Историческая повесть.,"ФЕДОРОВ, Михаил Николаевич.",,,
,,18946,"Гулянье по Элагину и Каменному островам, 1826 года, июля 1-го дня.","ХВОСТОВ, Дмитрий Иванович.",,,
,,18947,Гулянье под Новинским.,"Л-СКИЙ, Н. (МЕЛЬГУНОВ, Николай Александрович).",,,
,,18948,Гулянье под Новинском: В стихах.,"ЗМЕЕВ, Георгий.",,,
,,18949,Гулящая: Роман из народной жизни в 4-х ч.,"МИРНЫЙ, Панас. ",Уличная.,,
,,18950,Гулящие люди.,"ЧАПЫГИН, Алексей Павлович.",,,
,,18951,Гунима: Африканская повесть XVIII столетия.,"ФАН-ДЕР-ФЕЛЬДЕ (ФЕЛЬДЕ, Франц Карл фан дер).",,,
,,18952,NOPARSE,,,,
,,18953,Гунны: Эпоха великого переселения .народов. Исторический роман из жизни славян IV-ro и V-ro столетия.,"КОНДРАТЬЕВ, Иван Кузьмич.",,,
,,18954,Гурли: (Из прошлой женской жизни). Очерк.,Имя авт. не установлено.,,,
,,18955,Гурон или Простодушный: Историческая повесть.,"ВОЛЬТЕР (ВОЛЬТЕР, Франсуа-Мари).",,,
,,18956,Гурты на дорогах.,"АВДЕЕВ, Виктор Федорович.",,,
,,18957,Гус и Иероним Пражский. (Загл. обл.).,"ТЫЛ, Йозеф Каэтан. ",Ян Гус.,,
,,18958,Гусак на Бродвее: Повесть и рассказы.,"БОЛЬШАК, Василь.",,,
,,18959,Гусар: Повесть в стихах.,"ВАХРУШЕВ, Фома.",,,
,,18960,Гусар: [Стихотворение].,"ПУШКИН, Александр Сергеевич.",,,
,,18961,Гусар или Каких дивных приключений не бывает на свете!: Роман в 3-х ч. К...,"РИН, Ф. Г.",,,
,,18962,Гусарская баллада.,"ЛЯСКОВ-СКИЙ, Владимир Георгиевич.",,,
,,18963,Гусарская лихорадка: Комедия в 4-х д.,"КАДЕЛЬБУРГ, Густав.",,,
,,18964,Гусарская стоянка или Плата тою же монетой: Комедия-водевиль в 1-м д.,"ОРЛОВ, Василий Иванович.",,,
,,18965,Гусары: Беседы в стихах двух сослуживцев 20-х г. лейб-гвардии гусарского Его Величества полка по случаю 50-летнего юбилея августейшего шефа 22-го апреля 1868 г.,СТАРЫЙ ГУСАР.,,,
,,18966,Гусары и голуби.,"ВОЛЬКЕН-ШТЕЙН, Владимир Михайлович.",,,
,,18967,"Гусев, его жена и дети: Пьеса в 3-х д.","ЛИТОВСКИЙ, Осаф Семенович.",,,
,,18968,Гуси: [Военный рассказ].,"КОВАЛЬСКИЙ, Казимир Адольфович. ",,Жизнь — мгновенье...,
,,18969,Гуси: Пьеса в 6-ти карт.,"РАННЕТ, Эгон Николаевич.",,,
,,18970,Гуси: Этюд.,"КУЛИДА, Д. В.",,,
,,18971,Гуси — красные лапки...: Повесть.,"ФРОЛОВА, Майя Флоровна.",,,
,,18972,Гуси лапчатые: [Рассказы].,"КАРПОВ, Николай Алексеевич.",,,
,,18973,Гуси лапчатые: Юмористические картинки.,"ЛЕЙКИН, Николай Александрович.",,,
,,18974,Гуси-лебеди: Лирика.,"ДАГУРОВ, Владимир Геннадьевич.",,,
,,18975,Гуси-лебеди:   Рассказы.,"ВО- РОБЬЕВ, Константин Дмитриевич.",,,
,,18976,Гуси-лебеди: Рассказы.,"ПОПОВ, Георгий Леонтьевич.",,,
,,18977,Гуси-лебеди: Роман.,"НЕВЕРОВ, Александр.",,,
,,18978,Гуси-лебеди: Стихи.,"ТРЯПКИН, Николай Иванович.",,,
,,18979,Гуси-лебеди летят...: Повесть.,"СТЕЛЬМАХ, Михайло (СТЕЛЬМАХ, Михаил Афанасьевич).",,,
,,18980,"Гуси летят: Новеллы. ГУРУНЦ, Леонид. 18981..  Гуси летят на Север: Стихи.","КЛЕ-ЩЕВКО, Анатолий Дмитриевич.",,,
,,18981,NOPARSE,,,,
,,18982,Гуси по пьяному делу: Забавный случай из деревенского быта. Рассказ.,"КАФТЫРЕВ, Семен Никанорович.",,,
,,18983,Гусиная голова: Юмористические рассказы.,"ДОСКАЛОВ, Стоян (ДАСКА-ЛОВ, Стоян Цеков).",,,
,,18984,Гусиное перо: (В учительской). Комедия в 3-х д.,"ЛУНГИН, Семен Львович, НУСИНОВ, Илья Исаакович.",,,
,,18985,Гусиный остров: Повесть.,"БАБАЕВСКИЙ, Семен Петрович.",,,
,,18986,Гусли; Не годится!: Два рассказа.,"БАРАНЦЕВИЧ, Казимир Станиславович.",,,
,,18987,Гусли: [Стихи].,"ГИЛЕВ, Виктор Константинович.",,,
,,18988,Гусли звонкие: Драма в 4-х д.,"АНТРОПОВ, Роман Лукич.",,,
,,18989,"Гусли звончаты: Песни, были и стихотворения. ПАНОВ, Николай Андреевич. 18990:. Гусли поют о счастье: Стихи.","МАЙН, Макс.",,,
,,18990,NOPARSE,,,,
,,18991,Гусляр: (Баллада).,"МИЦКЕВИЧ, Адам.",,,
,,18992,Гусляр: Избранная лирика.,"КУПАЛА, Янка.",,,
,,18993,"Гусляр: Сборник рассказов, сказок, стихотворений, шуток, шарад и переводов.","АРСЕНЬЕВ, Александр Васильевич.",,,
,,18994,Гусляр: [Стихи].,"ИСАКОВ, Андрей Максимович.",,,
,,18995,Гусляры: Новые стихи и поэма.,"КОБЗЕВ, Игорь Иванович.",,,
,,18996,Гусман де Алфараче: Роман в 2-х ч.,"АЛЕМАН, Матео.",,,
,,18997,Гусситы: Исторический роман из времен тридцатилетней войны.,"ФАН-ДЕР-ФЕЛЬДЕ (ФЕЛЬДЕ, Франц Карл фан дер).",,,
,,18998,Гусситы под Наумбургом в 1432 году: Драма в 4-х д.,"КОЦЕБУ, Август. ",,,
,,18999,"Густав Адольф, король шведский или Любовь и Великодушие: Исторический роман. ПИХЛЕР, Каролина. 1-м д. КРИНИЦКИИ (ТИ1МК0ВСКИЙ, Николай Николаевич). 18892. Гувернантка мисс Мари: Роман в 4-х ч. СЮ, Эжен. 18893. Гувернер: Комедия в 5-ти д. ДЬЯЧЕНКО, Виктор Антонович. 18894. Гувернер: Повесть. ЗАРИН, Андрей Ефимович. 18895. Гуго Гроций: Драма в 4-х д. КОЦЕБУ, Август Фридрих. 18896. Гудаурская медведица и ее дети. ГАТЦУК, Владимир Алексеевич. 18897. Гудзонов залив: Рассказы. МАИН-РИД, Томас (РИД, Томас Майн). 18898. Гудит шар земной. БАНОВСКИ, Арпад. 18899. Гудишки: Роман в 4-х ч. АЛЕКСАНДРОВ, Александр (ДУРОВА, Надежда Андреевна). 18900. Гудки: Лирика. ВОЛОДИН, Геннадий Григорьевич. 18901. Гудки: (Стихи). АНТОНЧИК, Павел. 18902. Гудки: [Стихи]. РАБОЧИЙ, Александр (ЩЕЛКАНОВ, Петр Александрович). 18903. Гудки: Стихи. ХОДУЛИН, Валерий Георгиевич. 18904. Гудки над Волгой: [Рассказы]. МАЛЕВИНСКИИ, Юрий Николаевич. 18905. Гудки над Волгой: Стихи. ПОЛИВИН, Николай Георгиевич. 18906. Гудки над рекой. БЕЛОЗЕРОВ, Тимофей Максимович. 18907. Гудки паровозов: Повесть и рассказы. ВОРОНОВ, Николай Павлович. 18908. Гудогай: Роман. КУЗНЕЦОВ, Алексей Андреевич. 18909. Гудок: (Из прошлого). Драматический этюд в 1-м д. Л ЯХТ, Г. А. 18910. Гудок: [Рассказ]. ВЕНДРОВ, Д. (ВБНДРОВ, 3.). В кн.: Зорах и Буланка... 18911. Гудок: Революционные сатиры. РП Д npifpaunn 18912. Гудок: [Стихи]. ИЛЬИНА, Вера. 18913. Гудок в степи: Роман. АЛТАЙСКИЙ, Константин Николаевич, КАРАТАЕВ, Мухамеджан Каратаевич. 18914. Гудок зовет. УСЕНКО, Александр Яковлевич. 18915. Гудок или Всякая всячина. КУ-КЕЛЬ (ЛУНИН, В. А.). 18916. Гудок на рассвете: Повесть. ГРЕКОВ, Александр. 18917. Гуды заводские: Стихи. ВЫЛЕГЖАНИН, Павел Степанович. 18918. Гуды-самогуды. УСТИНОВ, И. Г. 18919. Гудят провода: Стихи. СИНЕВ, Валерий Викторович. 18920. Гудящие сосны. ДАМДИНОВ, Николай Гармаевич. 18921. Гузман д'Алфараш: Истинная испанская повесть. Ч. 1—4. Л ЕС АЖ, Ален Рене. Изд. также под загл.: Шалости забавного Гусмана или Каков в колыбельку, таков и в могилку. 18922. Гуингм. ЧРОЛЛИ. 18923. Гукас Каджарян на фронте: (Эпизоды в стихах). ЛЕВИН, Мориц. 18924. Гул далеких орудий: Повесть. КЛИМОВ, Всеволод Владимирович. 18925. Гул дальних поездов: Пять тетрадей рассказов. ДАВЫДЫЧЕВ, Лев Иванович. 18926. Гул пустыни: Историческая повесть. ЗУЕВ-ОРДЫНЕЦ, Михаил Ефимович. 18927. Гул шагов: Семь сцен из пьесы «Барометр показывает бурю». НАСИМО-ВИЧ, Александр Федорович. 18928. Гули и Навои: (Из народных легенд). АЙБЕК. 18929. Гулкем или Похищение Фатимы: Нравоучительная сказка. Имя авт. не установлено. 18930. Гулливер. (Загл. обл.). СВИФТ, Джонатан. На тит. л. загл.: Путешествие доктора Гулливера в страну лилипутов и к великанам. 18931. Гулливер в Лилипутии. СВИФТ, Джонатан. 18932. Гулливер в царстве лилипутов. СВИФТ, Джонатан. 18933. Гулливер у Арийцев. БОРН, Георг. 18934. Гулливер у карликов: Удивительные приключения одного мореплавателя. СВИФТ, Джонатан. 18935. Гулливеровы путешествия в Лилипут, Бродинягу, Лапуту, Бальнибарбы, Глуб-дубриду, Лугнагу, Японию и Гуингмскую страну в 4-х ч.: Ч. 1. Гулливерово путешествие в Лилипут. Ч. 2. -Гулливерово путешествие в Бродинягу. Ч. 3. Гулливеровы путешествия в Лапуту, в Бальнибарбы, в Глубдубриду, в Лугнагу и в Японию. Ч. 4. Г улливерово путешествие в Г уингмскую страну. СВИФТ, Джонатан. Изд. также под заглавиями: Путешествие Гулливера в Лилипут, Бробдиньяг и в страну гуинмов; Путешествие Гулливера в страну лилипутов; Путешествие Гулливера по многим отдаленным и неизвестным странам света; Путешествие Гулливера по многим отдаленным странам света; Путешествие доктора Гулливера к лилипутам и великанам; Путешествий Гулливеровых книга первая — четвертая...; Путешествия в некоторые отдаленные страны света, сначала хирурга, а потом капитана нескольких кораблей; Путешествия Гулливера; Путеше* ствия Гулливера в отдаленные страны; Путешествия Гулливера, рассказанные им самим маленьким детям; Путешествия Лемюэля Гулливера в некоторые отдаленные страны света, сначала хирурга, а потом капитана нескольких кораблей. 18936. Гулливеры: Стихи. ПРИХОЖАН, Петр Борисович. 18937. Гуль и Навруз. ЛУТФИ. 18938. Гульба: Роман. ШИРЯЕВ, Петр Алексеевич. 18939. Гульбазир: Драматическая поэма в 1-м акте. ГЕРАСИМОВ, Владимир Иванович. 18940. Гульча: Рассказ. РАДЗИЕВСКАЯ, Софья Борисовна. 18941. Гульшира: Роман. САФИНА, Хаф-ниса Исаевна. 18942. Гуляевский дым: Рассказ. СКВОРЦОВ, Михаил Захарович. 18943. Гуляй, Волга: Роман. ВЕСЕЛЫЙ, Артем. 18944. Гулялек — полевой цветок: Повести и рассказы. МАМЕДОВ, Ашхабад Атчикович. 18945. Гулямы: Историческая повесть. ФЕДОРОВ, Михаил Николаевич. 18946. Гулянье по Элагину и Каменному островам, 1826 года, июля 1-го дня. ХВОСТОВ, Дмитрий Иванович. 18947. Гулянье под Новинским. Л-СКИИ, Н. (МЕЛЬГУНОВ, Николай Александрович). 18948. Гулянье под Новинском: В стихах. ЗМЕЕВ, Георгий. 18949. Гулящая: Роман из народной жизни в 4-х ч. МИРНЫЙ, Панас. Изд. также под загл.: Уличная. 18950. Гулящие люди. ЧАПЫГИН, Алексей Павлович. 18951. Гунима: Африканская повесть XVIII столетия. ФАН-ДЕР-ФЕЛЬДЕ (ФЕЛЬДЕ, Франц Карл фан дер). 18952. Гунны: (Повесть) РОЗЕНФЕЛЬД, Семен Ефимович. 18953. Гунны: Эпоха великого переселения народов. Исторический роман из жизни славян IV-ro и V-ro столетия. КОНДРАТЬЕВ, Иван Кузьмич. 18954. Гурли: (Из прошлой женской жизни). Очерк. Имя авт. не установлено. 18955. Гурон или Простодушный: Историческая повесть. ВОЛЬТЕР (ВОЛЬТЕР, Франсуа-Мари). 18956. Гурты на дорогах. АВДЕЕВ, Виктор Федорович. 18957. Гус и Иероним Пражский. (Загл. обл.). ТЫЛ, Йозеф Каэтан. На тит. л. загл.: Ян Гус. 18958. Гусак на Бродвее: Повесть и рассказы. БОЛЬШАК, Василь. 18959. Гусар: Повесть в стихах. ВАХРУШЕВ, Фома. 18960. Гусар: [Стихотворение]. ПУШКИН, Александр Сергеевич. 18961. Гусар или Каких дивных приключений не бывает на свете!: Роман в 3-х ч. К... РИН, Ф. г. 18962. Гусарская баллада. ЛЯСКОВ-СКИЙ, Владимир Георгиевич. 18963. Гусарская лихорадка: Комедия в 4-х д. КАДЕЛЬБУРГ, Густав. 18964. Гусарская стоянка или Плата тою же монетой: Комедия-водевиль в 1-м д. ОРЛОВ, Василий Иванович. 18965. Гусары: Беседы в стихах двух сослуживцев 20-х г. лейб-гвардии гусарского Его Величества полка по случаю 50-летнего юбилея августейшего шефа 22-го апреля 1868 г. СТАРЫЙ ГУСАР. 18966. Гусары и голуби. ВОЛЬКЕН-ШТЕИН, Владимир Михайлович. 18967. Гусев, его жена и дети: Пьеса в 3-х д. ЛИТОВСКИЙ, Осаф Семенович. 18968. Гуси: [Военный рассказ]. КОВАЛЬСКИЙ, Казимир Адольфович. В кн.: Жизнь — мгновенье... 18969. Гуси: Пьеса в 6-ти карт. РАННЕТ, Эгон Николаевич. 18970. Гуси: Этюд. КУЛИДА, Д. В. 18971. Гуси — красные лапки...: Повесть. ФРОЛОВА, Майя Флоровна. 18972. Гуси лапчатые: [Рассказы]. КАРПОВ, Николай Алексеевич. 18973. Гуси лапчатые: Юмористические картинки. ЛЕЙКИН, Николай Александрович. 18974. Гуси-лебеди: Лирика. ДАГУРОВ, Владимир Геннадьевич. 18975. Гуси-лебеди:   Рассказы.   ВО- РОБЬЕВ, Константин Дмитриевич. 18976. Гуси-лебеди: Рассказы. ПОПОВ, Георгий Леонтьевич. 18977. Гуси-лебеди: Роман. НЕВЕРОВ, Александр 18978. Гуси-лебеди: Стихи. ТРЯПКИН, Николай Иванович. 18979. Гуси-лебеди летят...: Повесть. СТЕЛЬМАХ, Михайло (СТЕЛЬМАХ, Михаил Афанасьевич). 18980. Гуси летят: Новеллы. ГУРУНЦ, Леонид. 18981. Гуси летят на Север: Стихи. КЛЕ-ЩЕНКО, Анатолий Дмитриевич. 18982. Гуси по пьяному делу: Забавный случай из деревенского быта. Рассказ. КАФТЫРЕВ, Семен Никанорович. 18983. Гусиная голова: Юмористические рассказы. ДОСКАЛОВ, Стоян (ДАСКА-ЛОВ, Стоян Цеков). 18984. Гусиное перо: (В учительской). Комедия в 3-х д. ЛУНГИН, Семен Львович, НУСИНОВ, Илья Исаакович. 18985. Гусиный остров: Повесть. БАБАЕВСКИЙ, Семен Петрович. 18986. Гусли; Не годится!: Два рассказа. БАРАНЦЕВИЧ, Казимир Станиславович. 18987. Гусли: [Стихи]. ГИЛЕВ, Виктор Константинович. 18988. Гусли звонкие: Драма в 4-х д. АНТРОПОВ, Роман Лукич. 18989. Гусли звончаты: Песни, были и стихотворения. ПАНОВ, Николай Андреевич. 18990. Гусли поют о счастье: Стихи. МАЙН, Макс. 18991. Гусляр: (Баллада). МИЦКЕВИЧ, Адам. 18992. Гусляр: Избранная лирика. КУПАЛА, Янка. 18993. Гусляр: Сборник рассказов, сказок, стихотворений, шуток, шарад и переводов. АРСЕНЬЕВ, Александр Васильевич. 18994. Гусляр: [Стихи]. ИСАКОВ, Андрей Максимович. 18995. Гусляры: Новые стихи и поэма. КОБЗЕВ, Игорь Иванович. 18996. Гусман де Алфараче: Роман в 2-х ч. АЛЕМАН, Матео. 18997. Гусситы: Исторический роман из времен тридцатилетней войны. ФАН-ДЕР-ФЕЛЬДЕ (ФЕЛЬДЕ, Франц Карл фан дер). 18998. Гусситы под Наумбургом в 1432 году: Драма в 4-х д.","КОЦЕБУ, Август. ",,,
,,19000,Густав Ваза: Драма в 5-ти д.,"КОЦЕБУ, Август Фридрих.",,,
,,19001,Густав Ваза и приключения его семейства: Ч. 1—3.,БЕККЕР.,,,
,,19002,Густав Ваза или Король и крестьянин: Исторический рассказ.,"НИРИТЦ, Густав.",,,
,,19003,Густав Ваза или Торжествующая невинность: Драма в 5-ти ч.,"ТИТОВА, Елизавета Ивановна.",,,
,,19004,"Густав Ваза, освободитель Швеции:     Историческая повесть.","ИЕНСЕН, Вильгельм.",,,
,,19005,"Густав Вальдгейм или Преступник поневоле: Истинное происшествие, взятое из записок одного молодого гусара. Ч. 1—2.",Имя авт. не установлено. ,,,
,,19006,Густав или Любовь ветреного мужчины: Роман в 2-х ч.,"КОК, Поль де.",,,
,,19007,"Густав Моральдино, великодушный сын атамана разбойников: Ч. 1—4.","ВУЛЬ-ПИУС, Христиан Август.",,,
,,19008,"Гусь из Понырей: Фельетоны. РУДЕНКО, Семен Андреевич. 19000. Гусь с яблоком: Сатира и юмор.","ДИМЕНТ, Марк Абрамович.",,,
,,19009,NOPARSE,,,,
,,19010,"Гусь-спаситель. КОРОТКОВСКИИ, Михаил Петрович. 1901L Гусь-Хрустальный.","ПОЛТОРАЦКИЙ, Виктор.",,,
,,19011,NOPARSE,,,,
,,19012,Гусятники: Очерк.,"ВАСИЛЬКОВСКИЙ, А. К.",,,
,,19013,Гута. (Завод). Пьеса в 3-х д.,"КОБЕЦ, Т. [!] (КОБЕЦ, Григорий Яковлевич).",,,
,,19014,Гутари: Избранная проза.,"НЕЧАЕВ, Егор Ефимович.",,,
,,19015—19016,Гутенберг и Шеффер: Исторический роман из эпохи возрождения наук и искусств.,"ШРЕКНИК, Евгений Федорович. ",Первый изобретатель книгопечатания Иоганн Гутенберг.,,
,,19017,Гуцул: Повесть.,"КУНДЗИЧ, Алексей Леонардович.",,,
,,19018,Гуцулия: Роман и повесть.,"КО-ЛИСНИК, Григорий.",,,
,,19019,"Гуцульская легенда. ГРИЩЕНКО, Андрей Филиппович. 190201 Гуща: Шутка в 1-м д.","МЯТЛЕВ, Владимир Иванович.",,,
,,19020,NOPARSE,,,,
,,19021,Гэавтон тиморумэнос: (Каратель самого себя). Комедия.,"ТЕРЕНЦИИ, Публий. ",Сам себя наказывающий.,,
,,19022,Габриель Конрой: Роман.,"БРЕТ-ГАРТ, Френсис.",,,
,,19023,Гюли: Рассказы.,"АРАГВИСПИ-РЕЛИ, Шио.",,,
,,19024,Гюлистан.,"СААДИ, Муслихаддин.",,,
,,19025,Гюлли и Рашид: (Этюд из персидской жизни).,"А-ОВ, С-б.",,,
,,19026,Гюлльхана.,"ДИКСОН, Элеонора Николаевна.",,,
,,19027,Гюльзар: Рассказы.,"ДЖАБАРЛЫ, Джафар Кафар.",,,
,,19028,Гюльзар: Рассказы.,"ИБРАГИМОВ, Гусейн Мамед Али оглы.",,,
,,19029,Гюльнар: Повесть и рассказы.,"КУРБАНОВ, Араб (КУРБАНОВ, Арап).",,,
,,19030,Гюльнара: Пьеса в 1-м д.,К. А. М.,,,
,,19031,Польшей: Повесть.,"ВЕЛИЕВ, Али Караевич.",,,
,,19032,Гюрги-Дюрги-Дюк:     (Повесть).,"ШИРЯЕВА, Галина Даниловна.",,,
,,19033,Гяур.,"БАЙРОН, Джордж Гордон. ",Джяур.,,
